Datum Zeit; NO; NO2; O3; PM2.5; SO2; PM10; BEN
; µg/m³; µg/m³; µg/m³; µg/m³; µg/m³; µg/m³; µg/m³
01-10-16 00:30; ; ; ; ; 0,0; ; 
01-10-16 01:00; 1; 12; 13; 0,00; 1,5; 16; 0,2
01-10-16 01:30; ; ; ; ; 0,0; ; 
01-10-16 02:00; 1; 12; 7; 0,00; 0,5; 16; 0,1
01-10-16 02:30; ; ; ; ; 0,0; ; 
01-10-16 03:00; 1; 11; 6; 0,00; 1,1; 16; 0,1
01-10-16 03:30; ; ; ; ; 0,0; ; 
01-10-16 04:00; 1; 12; 9; 0,00; 2,3; 16; 1,9
01-10-16 04:30; ; ; ; ; 0,0; ; 
01-10-16 05:00; 5; 17; 4; 0,00; 1,4; 16; 5,9
01-10-16 05:30; ; ; ; ; 0,0; ; 
01-10-16 06:00; 1; 10; 6; 0,00; 0,5; 16; 7,3
01-10-16 06:30; ; ; ; ; 0,0; ; 
01-10-16 07:00; 5; 12; 4; 0,00; 0,5; 16; 2,2
01-10-16 07:30; ; ; ; ; 0,0; ; 
01-10-16 08:00; 10; 17; 3; 0,00; 1,5; 16; 1,1
01-10-16 08:30; ; ; ; ; 0,0; ; 
01-10-16 09:00; 9; 15; 6; 0,00; 2,6; 16; 1,1
01-10-16 09:30; ; ; ; ; 0,0; ; 
01-10-16 10:00; 10; 16; 27; 0,00; 3,1; 16; 1,1
01-10-16 10:30; ; ; ; ; 0,0; ; 
01-10-16 11:00; 1; 9; 66; 0,00; 2,1; 16; 0,8
01-10-16 11:30; ; ; ; ; 0,0; ; 
01-10-16 12:00; 1; 8; 79; 0,00; 1,9; 16; 0,8
01-10-16 12:30; ; ; ; ; 0,0; ; 
01-10-16 13:00; 1; 8; 88; 0,00; 1,7; 16; 0,4
01-10-16 13:30; ; ; ; ; 0,0; ; 
01-10-16 14:00; 1; 9; 94; 0,00; 1,7; 16; 0,3
01-10-16 14:30; ; ; ; ; 0,0; ; 
01-10-16 15:00; 1; 12; 99; 0,00; 1,6; 16; 0,2
01-10-16 15:30; ; ; ; ; 0,0; ; 
01-10-16 16:00; 1; 15; 94; 0,00; 1,6; 16; 0,3
01-10-16 16:30; ; ; ; ; 0,0; ; 
01-10-16 17:00; 1; 26; 75; 0,00; 1,8; 16; 0,3
01-10-16 17:30; ; ; ; ; 0,0; ; 
01-10-16 18:00; 2; 26; 64; 0,00; 1,6; 16; 0,3
01-10-16 18:30; ; ; ; ; 0,0; ; 
01-10-16 19:00; 1; 13; 69; 0,00; 1,8; 16; 0,3
01-10-16 19:30; ; ; ; ; 0,0; ; 
01-10-16 20:00; 1; 22; 53; 0,00; 2,2; 16; 0,2
01-10-16 20:30; ; ; ; ; 0,0; ; 
01-10-16 21:00; 1; 24; 47; 0,00; 1,9; 16; 0,2
01-10-16 21:30; ; ; ; ; 0,0; ; 
01-10-16 22:00; 1; 5; 79; 0,00; 0,5; 16; 0,2
01-10-16 22:30; ; ; ; ; 0,0; ; 
01-10-16 23:00; 1; 4; 72; 0,00; 0,5; 16; 0,1
01-10-16 23:30; ; ; ; ; 0,0; ; 
02-10-16 00:00; 1; 5; 66; 0,00; 0,5; 16; 0,1
02-10-16 00:30; ; ; ; ; 0,0; ; 
02-10-16 01:00; 1; 7; 46; 0,00; 0,5; 9; 0,1
02-10-16 01:30; ; ; ; ; 0,0; ; 
02-10-16 02:00; 1; 6; 50; 0,00; 0,5; 9; 0,1
02-10-16 02:30; ; ; ; ; 0,0; ; 
02-10-16 03:00; 1; 6; 42; 0,00; 0,5; 9; 0,1
02-10-16 03:30; ; ; ; ; 0,0; ; 
02-10-16 04:00; 1; 5; 34; 0,00; 0,5; 9; 0,1
02-10-16 04:30; ; ; ; ; 0,0; ; 
02-10-16 05:00; 1; 8; 28; 0,00; 0,5; 9; 0,1
02-10-16 05:30; ; ; ; ; 0,0; ; 
02-10-16 06:00; 1; 13; 17; 0,00; 0,5; 9; 0,1
02-10-16 06:30; ; ; ; ; 0,0; ; 
02-10-16 07:00; 1; 11; 10; 0,00; 0,5; 9; 0,1
02-10-16 07:30; ; ; ; ; 0,0; ; 
02-10-16 08:00; 3; 12; 15; 0,00; 0,5; 9; 0,1
02-10-16 08:30; ; ; ; ; 0,0; ; 
02-10-16 09:00; 2; 7; 37; 0,00; 1,5; 9; 0,1
02-10-16 09:30; ; ; ; ; 0,0; ; 
02-10-16 10:00; 2; 6; 43; 0,00; 2,5; 9; 0,1
02-10-16 10:30; ; ; ; ; 0,0; ; 
02-10-16 11:00; 2; 7; 50; 0,00; 3,1; 9; 0,1
02-10-16 11:30; ; ; ; ; 0,0; ; 
02-10-16 12:00; 2; 7; 48; 0,00; 3,2; 9; 0,2
02-10-16 12:30; ; ; ; ; 0,0; ; 
02-10-16 13:00; 1; 7; 48; 0,00; 2,2; 9; 0,2
02-10-16 13:30; ; ; ; ; 0,0; ; 
02-10-16 14:00; 1; 8; 43; 0,00; 2,1; 9; 0,1
02-10-16 14:30; ; ; ; ; 0,0; ; 
02-10-16 15:00; 2; 7; 42; 0,00; 1,2; 9; 0,1
02-10-16 15:30; ; ; ; ; 0,0; ; 
02-10-16 16:00; 1; 9; 35; 0,00; 0,5; 9; 0,1
02-10-16 16:30; ; ; ; ; 0,0; ; 
02-10-16 17:00; 1; 10; 34; 0,00; 0,5; 9; 0,3
02-10-16 17:30; ; ; ; ; 0,0; ; 
02-10-16 18:00; 2; 9; 38; 0,00; 0,5; 9; 0,3
02-10-16 18:30; ; ; ; ; 0,0; ; 
02-10-16 19:00; 1; 17; 31; 0,00; 0,5; 9; 0,2
02-10-16 19:30; ; ; ; ; 0,0; ; 
02-10-16 20:00; 1; 8; 33; 0,00; 0,5; 9; 0,2
02-10-16 20:30; ; ; ; ; 0,0; ; 
02-10-16 21:00; 1; 13; 23; 0,00; 0,5; 9; 0,2
02-10-16 21:30; ; ; ; ; 0,0; ; 
02-10-16 22:00; 1; 12; 30; 0,00; 0,5; 9; 0,2
02-10-16 22:30; ; ; ; ; 0,0; ; 
02-10-16 23:00; 1; 7; 32; 0,00; 0,5; 9; 0,1
02-10-16 23:30; ; ; ; ; 0,0; ; 
03-10-16 00:00; 1; 12; 25; 0,00; 0,5; 9; 0,1
03-10-16 00:30; ; ; ; ; 0,0; ; 
03-10-16 01:00; 1; 10; 27; 0,00; 1,0; 6; 0,1
03-10-16 01:30; ; ; ; ; 0,0; ; 
03-10-16 02:00; 2; 17; 17; 0,00; 1,7; 6; 0,1
03-10-16 02:30; ; ; ; ; 0,0; ; 
03-10-16 03:00; 1; 8; 24; 0,00; 0,5; 6; 0,1
03-10-16 03:30; ; ; ; ; 0,0; ; 
03-10-16 04:00; 1; 10; 22; 0,00; 1,7; 6; 0,1
03-10-16 04:30; ; ; ; ; 0,0; ; 
03-10-16 05:00; 1; 14; 14; 0,00; 1,6; 6; 0,1
03-10-16 05:30; ; ; ; ; 0,0; ; 
03-10-16 06:00; 1; 13; 11; 0,00; 1,1; 6; 0,1
03-10-16 06:30; ; ; ; ; 0,0; ; 
03-10-16 07:00; 1; 9; 18; 0,00; 1,4; 6; 0,1
03-10-16 07:30; ; ; ; ; 0,0; ; 
03-10-16 08:00; 4; 13; 14; 0,00; 2,1; 6; 0,1
03-10-16 08:30; ; ; ; ; 0,0; ; 
03-10-16 09:00; 3; 11; 24; 0,00; 3,1; 6; 0,2
03-10-16 09:30; ; ; ; ; 0,0; ; 
03-10-16 10:00; 3; 9; 27; 0,00; 3,1; 6; 0,2
03-10-16 10:30; ; ; ; ; 0,0; ; 
03-10-16 11:00; 2; 8; 33; 0,00; 2,4; 6; 0,2
03-10-16 11:30; ; ; ; ; 0,0; ; 
03-10-16 12:00; 1; 5; 47; 0,00; 1,4; 6; 0,2
03-10-16 12:30; ; ; ; ; 0,0; ; 
03-10-16 13:00; 1; 5; 52; 0,00; 0,5; 6; 0,2
03-10-16 13:30; ; ; ; ; 0,0; ; 
03-10-16 14:00; 1; 5; 50; 0,00; 0,5; 6; 0,2
03-10-16 14:30; ; ; ; ; 0,0; ; 
03-10-16 15:00; 1; 5; 50; 0,00; 0,5; 6; 0,2
03-10-16 15:30; ; ; ; ; 0,0; ; 
03-10-16 16:00; 1; 8; 41; 0,00; 1,3; 6; 0,2
03-10-16 16:30; ; ; ; ; 0,0; ; 
03-10-16 17:00; 1; 11; 33; 0,00; 0,5; 6; 0,2
03-10-16 17:30; ; ; ; ; 0,0; ; 
03-10-16 18:00; 1; 14; 34; 0,00; 0,5; 6; 0,3
03-10-16 18:30; ; ; ; ; 0,0; ; 
03-10-16 19:00; 1; 16; 25; 0,00; 0,5; 6; 0,3
03-10-16 19:30; ; ; ; ; 0,0; ; 
03-10-16 20:00; 1; 7; 41; 0,00; 0,5; 6; 0,3
03-10-16 20:30; ; ; ; ; 0,0; ; 
03-10-16 21:00; 1; 9; 28; 0,00; 0,5; 6; 0,2
03-10-16 21:30; ; ; ; ; 0,0; ; 
03-10-16 22:00; 1; 11; 25; 0,00; 0,5; 6; 0,2
03-10-16 22:30; ; ; ; ; 0,0; ; 
03-10-16 23:00; 1; 7; 37; 0,00; 0,5; 6; 0,2
03-10-16 23:30; ; ; ; ; 0,0; ; 
04-10-16 00:00; 1; 7; 51; 0,00; 1,5; 6; 0,2
04-10-16 00:30; ; ; ; ; 0,0; ; 
04-10-16 01:00; 1; 5; 52; 0,00; 1,0; 6; 0,2
04-10-16 01:30; ; ; ; ; 0,0; ; 
04-10-16 02:00; 1; 4; 53; 0,00; 0,5; 6; 0,2
04-10-16 02:30; ; ; ; ; 0,0; ; 
04-10-16 03:00; 1; 5; 50; 0,00; 0,5; 6; 0,1
04-10-16 03:30; ; ; ; ; 0,0; ; 
04-10-16 04:00; 1; 4; 45; 0,00; 0,5; 6; 0,1
04-10-16 04:30; ; ; ; ; 0,0; ; 
04-10-16 05:00; 1; 4; 42; 0,00; 0,5; 6; 0,2
04-10-16 05:30; ; ; ; ; 0,0; ; 
04-10-16 06:00; 1; 5; 42; 0,00; 0,5; 6; 0,2
04-10-16 06:30; ; ; ; ; 0,0; ; 
04-10-16 07:00; 1; 5; 45; 0,00; 0,5; 6; 
04-10-16 07:30; ; ; ; ; 0,0; ; 
04-10-16 08:00; 1; 5; 48; 0,00; 0,5; 6; 
04-10-16 08:30; ; ; ; ; 0,0; ; 
04-10-16 09:00; 1; 5; 52; 0,00; 0,5; 6; 
04-10-16 09:30; ; ; ; ; 0,0; ; 
04-10-16 10:00; 1; 6; 51; 0,00; 0,5; 6; 
04-10-16 10:30; ; ; ; ; 0,0; ; 
04-10-16 11:00; 1; 5; 52; 0,00; 0,5; 6; 
04-10-16 11:30; ; ; ; ; 0,0; ; 
04-10-16 12:00; 1; 5; 56; 0,00; 0,5; 6; 0,2
04-10-16 12:30; ; ; ; ; 0,0; ; 
04-10-16 13:00; 1; 4; 62; 0,00; 0,5; 6; 0,2
04-10-16 13:30; ; ; ; ; 0,0; ; 
04-10-16 14:00; 1; 4; 66; 0,00; 0,5; 6; 0,2
04-10-16 14:30; ; ; ; ; 0,0; ; 
04-10-16 15:00; 1; 4; 66; 0,00; 0,5; 6; 0,2
04-10-16 15:30; ; ; ; ; 0,0; ; 
04-10-16 16:00; 1; 4; 64; 0,00; 0,5; 6; 0,1
04-10-16 16:30; ; ; ; ; 0,0; ; 
04-10-16 17:00; 1; 6; 63; 0,00; 0,5; 6; 0,2
04-10-16 17:30; ; ; ; ; 0,0; ; 
04-10-16 18:00; 1; 8; 57; 0,00; 0,5; 6; 0,2
04-10-16 18:30; ; ; ; ; 0,0; ; 
04-10-16 19:00; 1; 10; 52; 0,00; 0,5; 6; 0,2
04-10-16 19:30; ; ; ; ; 0,0; ; 
04-10-16 20:00; 1; 10; 49; 0,00; 0,5; 6; 0,2
04-10-16 20:30; ; ; ; ; 0,0; ; 
04-10-16 21:00; 1; 8; 50; 0,00; 0,5; 6; 0,2
04-10-16 21:30; ; ; ; ; 0,0; ; 
04-10-16 22:00; 1; 7; 50; 0,00; 0,5; 6; 0,2
04-10-16 22:30; ; ; ; ; 0,0; ; 
04-10-16 23:00; 1; 3; 60; 0,00; 0,5; 6; 0,3
04-10-16 23:30; ; ; ; ; 0,0; ; 
05-10-16 00:00; 1; 4; 57; 0,00; 0,5; 6; 0,2
05-10-16 00:30; ; ; ; ; 0,0; ; 
05-10-16 01:00; 1; 5; 53; 0,00; 0,5; ; 0,2
05-10-16 01:30; ; ; ; ; 0,0; ; 
05-10-16 02:00; 1; 4; 51; 0,00; 0,5; ; 0,1
05-10-16 02:30; ; ; ; ; 0,0; ; 
05-10-16 03:00; 1; 4; 49; 0,00; 0,5; ; 0,1
05-10-16 03:30; ; ; ; ; 0,0; ; 
05-10-16 04:00; 1; 5; 44; 0,00; 0,5; ; 0,1
05-10-16 04:30; ; ; ; ; 0,0; ; 
05-10-16 05:00; 1; 6; 44; 0,00; 0,5; ; 0,2
05-10-16 05:30; ; ; ; ; 0,0; ; 
05-10-16 06:00; 1; 10; 39; 0,00; 0,5; ; 0,2
05-10-16 06:30; ; ; ; ; 0,0; ; 
05-10-16 07:00; 1; 9; 41; 0,00; 0,5; ; 0,2
05-10-16 07:30; ; ; ; ; 0,0; ; 
05-10-16 08:00; 1; 8; 40; 0,00; 0,5; ; 0,1
05-10-16 08:30; ; ; ; ; 0,0; ; 
05-10-16 09:00; 1; 7; 40; 0,00; 0,5; ; 0,2
05-10-16 09:30; ; ; ; ; 0,0; ; 
05-10-16 10:00; 1; 8; 38; 0,00; 0,5; ; 0,2
05-10-16 10:30; ; ; ; ; 0,0; ; 
05-10-16 11:00; 2; 7; 40; 0,00; 0,5; ; 0,1
05-10-16 11:30; ; ; ; ; 0,0; ; 
05-10-16 12:00; 1; 6; 45; 0,00; 0,5; ; 0,1
05-10-16 12:30; ; ; ; ; 0,0; ; 
05-10-16 13:00; 2; 9; 42; 0,00; 1,1; ; 0,1
05-10-16 13:30; ; ; ; ; 0,0; ; 
05-10-16 14:00; 1; 7; 45; 0,00; 0,5; ; 0,2
05-10-16 14:30; ; ; ; ; 0,0; ; 
05-10-16 15:00; 1; 9; 43; 0,00; 1,0; ; 0,1
05-10-16 15:30; ; ; ; ; 0,0; ; 
05-10-16 16:00; 1; 10; 42; 0,00; 0,5; ; 0,2
05-10-16 16:30; ; ; ; ; 0,0; ; 
05-10-16 17:00; 1; 5; 50; 0,00; 0,5; ; 0,2
05-10-16 17:30; ; ; ; ; 0,0; ; 
05-10-16 18:00; 1; 6; 48; 0,00; 0,5; ; 0,2
05-10-16 18:30; ; ; ; ; 0,0; ; 
05-10-16 19:00; 1; 5; 48; 0,00; 0,5; ; 0,2
05-10-16 19:30; ; ; ; ; 0,0; ; 
05-10-16 20:00; 1; 4; 47; 0,00; 0,5; ; 0,2
05-10-16 20:30; ; ; ; ; 0,0; ; 
05-10-16 21:00; 1; 5; 44; 0,00; 0,5; ; 0,2
05-10-16 21:30; ; ; ; ; 0,0; ; 
05-10-16 22:00; 1; 3; 40; 0,00; 0,5; ; 0,2
05-10-16 22:30; ; ; ; ; 0,0; ; 
05-10-16 23:00; 1; 4; 35; 0,00; 0,5; ; 0,2
05-10-16 23:30; ; ; ; ; 0,0; ; 
06-10-16 00:00; 1; 7; 32; 0,00; 0,5; ; 0,2
06-10-16 00:30; ; ; ; ; 0,0; ; 
06-10-16 01:00; 1; 5; 35; 0,00; 0,5; ; 0,2
06-10-16 01:30; ; ; ; ; 0,0; ; 
06-10-16 02:00; 1; 4; 36; 0,00; 0,5; ; 0,2
06-10-16 02:30; ; ; ; ; 0,0; ; 
06-10-16 03:00; 1; 5; 32; 0,00; 0,5; ; 0,2
06-10-16 03:30; ; ; ; ; 0,0; ; 
06-10-16 04:00; 1; 5; 31; 0,00; 0,5; ; 0,2
06-10-16 04:30; ; ; ; ; 0,0; ; 
06-10-16 05:00; 1; 6; 28; 0,00; 0,5; ; 0,2
06-10-16 05:30; ; ; ; ; 0,0; ; 
06-10-16 06:00; 1; 7; 26; 0,00; 0,5; ; 0,2
06-10-16 06:30; ; ; ; ; 0,0; ; 
06-10-16 07:00; 2; 9; 23; 0,00; 0,5; ; 0,2
06-10-16 07:30; ; ; ; ; 0,0; ; 
06-10-16 08:00; 2; 9; 21; 0,00; 0,5; ; 0,2
06-10-16 08:30; ; ; ; ; 0,0; ; 
06-10-16 09:00; 3; 11; 18; 0,00; 0,5; ; 0,3
06-10-16 09:30; ; ; ; ; 0,0; ; 
06-10-16 10:00; 2; 8; 21; 0,00; 0,5; ; 0,3
06-10-16 10:30; ; ; ; ; 0,0; ; 
06-10-16 11:00; 3; 9; 21; 0,00; 0,5; ; 0,3
06-10-16 11:30; ; ; ; ; 0,0; ; 
06-10-16 12:00; 2; 7; 22; 0,00; 0,5; ; 0,3
06-10-16 12:30; ; ; ; ; 0,0; ; 
06-10-16 13:00; 2; 7; 22; 0,00; 0,5; ; 0,3
06-10-16 13:30; ; ; ; ; 0,0; ; 
06-10-16 14:00; 2; 7; 23; 0,00; 0,5; ; 0,3
06-10-16 14:30; ; ; ; ; 0,0; ; 
06-10-16 15:00; 2; 7; 23; 0,00; 0,5; ; 0,3
06-10-16 15:30; ; ; ; ; 0,0; ; 
06-10-16 16:00; 2; 9; 21; 0,00; 0,5; ; 0,3
06-10-16 16:30; ; ; ; ; 0,0; ; 
06-10-16 17:00; 2; 9; 19; 0,00; 0,5; ; 0,3
06-10-16 17:30; ; ; ; ; 0,0; ; 
06-10-16 18:00; 1; 10; 18; 0,00; 0,5; ; 0,3
06-10-16 18:30; ; ; ; ; 0,0; ; 
06-10-16 19:00; 2; 9; 17; 0,00; 0,5; ; 0,3
06-10-16 19:30; ; ; ; ; 0,0; ; 
06-10-16 20:00; 1; 8; 18; 0,00; 0,5; ; 0,4
06-10-16 20:30; ; ; ; ; 0,0; ; 
06-10-16 21:00; 1; 8; 15; 0,00; 0,5; ; 0,4
06-10-16 21:30; ; ; ; ; 0,0; ; 
06-10-16 22:00; 2; 10; 13; 0,00; 0,5; ; 0,4
06-10-16 22:30; ; ; ; ; 0,0; ; 
06-10-16 23:00; 1; 8; 14; 0,00; 0,5; ; 0,4
06-10-16 23:30; ; ; ; ; 0,0; ; 
07-10-16 00:00; 1; 9; 10; 0,00; 0,5; ; 0,4
07-10-16 00:30; ; ; ; ; 0,0; ; 
07-10-16 01:00; 1; 8; 11; 0,00; 0,5; ; 0,4
07-10-16 01:30; ; ; ; ; 0,0; ; 
07-10-16 02:00; 2; 9; 8; 0,00; 0,5; ; 0,4
07-10-16 02:30; ; ; ; ; 0,0; ; 
07-10-16 03:00; 3; 9; 8; 0,00; 0,5; ; 0,4
07-10-16 03:30; ; ; ; ; 0,0; ; 
07-10-16 04:00; 1; 8; 10; 0,00; 0,5; ; 0,5
07-10-16 04:30; ; ; ; ; 0,0; ; 
07-10-16 05:00; 1; 9; 11; 0,00; 0,5; ; 0,5
07-10-16 05:30; ; ; ; ; 0,0; ; 
07-10-16 06:00; 4; 14; 8; 0,00; 0,5; ; 0,5
07-10-16 06:30; ; ; ; ; 0,0; ; 
07-10-16 07:00; 3; 13; 12; 0,00; 0,5; ; 0,5
07-10-16 07:30; ; ; ; ; 0,0; ; 
07-10-16 08:00; 4; 12; 14; 0,00; 0,5; ; 0,5
07-10-16 08:30; ; ; ; ; 0,0; ; 
07-10-16 09:00; 3; 11; 17; 0,00; 0,5; ; 0,6
07-10-16 09:30; ; ; ; ; 0,0; ; 
07-10-16 10:00; 5; 10; 20; 0,00; 1,2; ; 0,6
07-10-16 10:30; ; ; ; ; 0,0; ; 
07-10-16 11:00; 6; 11; 22; 0,00; 2,7; ; 0,7
07-10-16 11:30; ; ; ; ; 0,0; ; 
07-10-16 12:00; 4; 9; 29; 0,00; 5,1; ; 0,7
07-10-16 12:30; ; ; ; ; 0,0; ; 
07-10-16 13:00; 3; 9; 38; 0,00; 8,8; ; 0,7
07-10-16 13:30; ; ; ; ; 0,0; ; 
07-10-16 14:00; 2; 8; 47; 0,00; 6,8; ; 0,6
07-10-16 14:30; ; ; ; ; 0,0; ; 
07-10-16 15:00; 2; 8; 49; 0,00; 4,9; ; 0,6
07-10-16 15:30; ; ; ; ; 0,0; ; 
07-10-16 16:00; 1; 10; 49; 0,00; 2,5; ; 0,6
07-10-16 16:30; ; ; ; ; 0,0; ; 
07-10-16 17:00; 1; 13; 43; 0,00; 1,3; ; 0,6
07-10-16 17:30; ; ; ; ; 0,0; ; 
07-10-16 18:00; 1; 17; 34; 0,00; 0,5; ; 0,6
07-10-16 18:30; ; ; ; ; 0,0; ; 
07-10-16 19:00; 1; 20; 27; 0,00; 0,5; ; 0,7
07-10-16 19:30; ; ; ; ; 0,0; ; 
07-10-16 20:00; 2; 23; 13; 0,00; 0,5; ; 0,7
07-10-16 20:30; ; ; ; ; 0,0; ; 
07-10-16 21:00; 1; 20; 16; 0,00; 0,5; ; 0,7
07-10-16 21:30; ; ; ; ; 0,0; ; 
07-10-16 22:00; 1; 20; 15; 0,00; 1,3; ; 0,6
07-10-16 22:30; ; ; ; ; 0,0; ; 
07-10-16 23:00; 1; 18; 13; 0,00; 1,5; ; 0,6
07-10-16 23:30; ; ; ; ; 0,0; ; 
08-10-16 00:00; 1; 14; 13; 0,00; 1,1; ; 0,6
08-10-16 00:30; ; ; ; ; 0,0; ; 
08-10-16 01:00; 1; 11; 14; 0,00; 0,5; ; 0,5
08-10-16 01:30; ; ; ; ; 0,0; ; 
08-10-16 02:00; 1; 8; 33; 0,00; 1,5; ; 0,5
08-10-16 02:30; ; ; ; ; 0,0; ; 
08-10-16 03:00; 1; 10; 36; 0,00; 1,9; ; 
08-10-16 03:30; ; ; ; ; 0,0; ; 
08-10-16 04:00; 1; 7; 38; 0,00; 1,2; ; 
08-10-16 04:30; ; ; ; ; 0,0; ; 
08-10-16 05:00; 1; 8; 37; 0,00; 2,5; ; 
08-10-16 05:30; ; ; ; ; 0,0; ; 
08-10-16 06:00; 1; 7; 38; 0,00; 0,5; ; 
08-10-16 06:30; ; ; ; ; 0,0; ; 
08-10-16 07:00; 1; 8; 34; 0,00; 0,5; ; 
08-10-16 07:30; ; ; ; ; 0,0; ; 
08-10-16 08:00; 1; 8; 36; 0,00; 0,5; ; 0,2
08-10-16 08:30; ; ; ; ; 0,0; ; 
08-10-16 09:00; 1; 5; 41; 0,00; 0,5; ; 0,2
08-10-16 09:30; ; ; ; ; 0,0; ; 
08-10-16 10:00; 1; 8; 39; 0,00; 1,6; ; 0,2
08-10-16 10:30; ; ; ; ; 0,0; ; 
08-10-16 11:00; 1; 8; 45; 0,00; 0,5; ; 0,2
08-10-16 11:30; ; ; ; ; 0,0; ; 
08-10-16 12:00; 2; 8; 39; 0,00; 0,5; ; 0,2
08-10-16 12:30; ; ; ; ; 0,0; ; 
08-10-16 13:00; 1; 6; 40; 0,00; 0,5; ; 0,2
08-10-16 13:30; ; ; ; ; 0,0; ; 
08-10-16 14:00; 2; 6; 37; 0,00; 0,5; ; 0,3
08-10-16 14:30; ; ; ; ; 0,0; ; 
08-10-16 15:00; 1; 7; 37; 0,00; 0,5; ; 0,3
08-10-16 15:30; ; ; ; ; 0,0; ; 
08-10-16 16:00; 1; 11; 29; 0,00; 0,5; ; 0,3
08-10-16 16:30; ; ; ; ; 0,0; ; 
08-10-16 17:00; 1; 12; 26; 0,00; 0,5; ; 0,3
08-10-16 17:30; ; ; ; ; 0,0; ; 
08-10-16 18:00; 2; 17; 17; 0,00; 0,5; ; 0,2
08-10-16 18:30; ; ; ; ; 0,0; ; 
08-10-16 19:00; 1; 12; 20; 0,00; 0,5; ; 0,3
08-10-16 19:30; ; ; ; ; 0,0; ; 
08-10-16 20:00; 1; 9; 19; 0,00; 0,5; ; 0,3
08-10-16 20:30; ; ; ; ; 0,0; ; 
08-10-16 21:00; 1; 7; 17; 0,00; 0,5; ; 0,3
08-10-16 21:30; ; ; ; ; 0,0; ; 
08-10-16 22:00; 1; 9; 16; 0,00; 0,5; ; 0,3
08-10-16 22:30; ; ; ; ; 0,0; ; 
08-10-16 23:00; 1; 9; 15; 0,00; 0,5; ; 0,3
08-10-16 23:30; ; ; ; ; 0,0; ; 
09-10-16 00:00; 1; 11; 12; 0,00; 0,5; ; 0,3
09-10-16 00:30; ; ; ; ; 0,0; ; 
09-10-16 01:00; 1; 9; 13; 0,00; 0,5; ; 0,3
09-10-16 01:30; ; ; ; ; 0,0; ; 
09-10-16 02:00; 1; 8; 14; 0,00; 0,5; ; 0,3
09-10-16 02:30; ; ; ; ; 0,0; ; 
09-10-16 03:00; 1; 6; 15; 0,00; 0,5; ; 0,3
09-10-16 03:30; ; ; ; ; 0,0; ; 
09-10-16 04:00; 1; 5; 16; 0,00; 0,5; ; 0,3
09-10-16 04:30; ; ; ; ; 0,0; ; 
09-10-16 05:00; 1; 6; 18; 0,00; 0,5; ; 0,3
09-10-16 05:30; ; ; ; ; 0,0; ; 
09-10-16 06:00; 1; 5; 28; 0,00; 0,5; ; 0,2
09-10-16 06:30; ; ; ; ; 0,0; ; 
09-10-16 07:00; 1; 6; 25; 0,00; 0,5; ; 0,2
09-10-16 07:30; ; ; ; ; 0,0; ; 
09-10-16 08:00; 1; 7; 25; 0,00; 0,5; ; 0,2
09-10-16 08:30; ; ; ; ; 0,0; ; 
09-10-16 09:00; 1; 4; 34; 0,00; 0,5; ; 0,2
09-10-16 09:30; ; ; ; ; 0,0; ; 
09-10-16 10:00; 1; 4; 37; 0,00; 0,5; ; 0,2
09-10-16 10:30; ; ; ; ; 0,0; ; 
09-10-16 11:00; 1; 5; 33; 0,00; 0,5; ; 0,2
09-10-16 11:30; ; ; ; ; 0,0; ; 
09-10-16 12:00; 1; 4; 34; 0,00; 0,5; ; 0,3
09-10-16 12:30; ; ; ; ; 0,0; ; 
09-10-16 13:00; 1; 4; 35; 0,00; 0,5; ; 0,3
09-10-16 13:30; ; ; ; ; 0,0; ; 
09-10-16 14:00; 1; 4; 38; 0,00; 0,5; ; 0,2
09-10-16 14:30; ; ; ; ; 0,0; ; 
09-10-16 15:00; 1; 5; 40; 0,00; 0,5; ; 0,2
09-10-16 15:30; ; ; ; ; 0,0; ; 
09-10-16 16:00; 1; 6; 38; 0,00; 0,5; ; 0,3
09-10-16 16:30; ; ; ; ; 0,0; ; 
09-10-16 17:00; 1; 7; 34; 0,00; 0,5; ; 0,3
09-10-16 17:30; ; ; ; ; 0,0; ; 
09-10-16 18:00; 1; 9; 26; 0,00; 0,5; ; 0,3
09-10-16 18:30; ; ; ; ; 0,0; ; 
09-10-16 19:00; 1; 14; 16; 0,00; 0,5; ; 0,3
09-10-16 19:30; ; ; ; ; 0,0; ; 
09-10-16 20:00; 1; 9; 29; 0,00; 0,5; ; 0,3
09-10-16 20:30; ; ; ; ; 0,0; ; 
09-10-16 21:00; 1; 8; 25; 0,00; 0,5; ; 0,3
09-10-16 21:30; ; ; ; ; 0,0; ; 
09-10-16 22:00; 1; 9; 24; 0,00; 0,5; ; 0,3
09-10-16 22:30; ; ; ; ; 0,0; ; 
09-10-16 23:00; 1; 7; 18; 0,00; 0,5; ; 0,3
09-10-16 23:30; ; ; ; ; 0,0; ; 
10-10-16 00:00; 1; 8; 11; 0,00; 0,5; ; 0,2
10-10-16 00:30; ; ; ; ; 0,0; ; 
10-10-16 01:00; 1; 7; 15; 0,00; 0,5; ; 0,3
10-10-16 01:30; ; ; ; ; 0,0; ; 
10-10-16 02:00; 1; 8; 16; 0,00; 0,5; ; 0,3
10-10-16 02:30; ; ; ; ; 0,0; ; 
10-10-16 03:00; 1; 7; 13; 0,00; 0,5; ; 0,3
10-10-16 03:30; ; ; ; ; 0,0; ; 
10-10-16 04:00; 2; 8; 9; 0,00; 0,5; ; 0,3
10-10-16 04:30; ; ; ; ; 0,0; ; 
10-10-16 05:00; 3; 8; 5; 0,00; 0,5; ; 0,2
10-10-16 05:30; ; ; ; ; 0,0; ; 
10-10-16 06:00; 6; 10; 3; 0,00; 0,5; ; 0,2
10-10-16 06:30; ; ; ; ; 0,0; ; 
10-10-16 07:00; 6; 10; 3; 0,00; 0,5; ; 0,2
10-10-16 07:30; ; ; ; ; 0,0; ; 
10-10-16 08:00; 20; 13; 2; 0,00; 0,5; ; 0,2
10-10-16 08:30; ; ; ; ; 0,0; ; 
10-10-16 09:00; 6; 16; 15; 0,00; 0,5; ; 0,2
10-10-16 09:30; ; ; ; ; 0,0; ; 
10-10-16 10:00; 3; 10; 30; 0,00; 0,5; ; 0,4
10-10-16 10:30; ; ; ; ; 0,0; ; 
10-10-16 11:00; 2; 11; 35; 0,00; 0,5; ; 0,4
10-10-16 11:30; ; ; ; ; 0,0; ; 
10-10-16 12:00; 1; 8; 45; 0,00; 0,5; ; 0,3
10-10-16 12:30; ; ; ; ; 0,0; ; 
10-10-16 13:00; 1; 8; 49; 0,00; 0,5; ; 0,2
10-10-16 13:30; ; ; ; ; 0,0; ; 
10-10-16 14:00; 2; 6; 53; 0,00; 0,5; ; 0,3
10-10-16 14:30; ; ; ; ; 0,0; ; 
10-10-16 15:00; 1; 9; 51; 0,00; 0,5; ; 0,0
10-10-16 15:30; ; ; ; ; 0,0; ; 
10-10-16 16:00; 1; 18; 39; 0,00; 0,5; ; 0,3
10-10-16 16:30; ; ; ; ; 0,0; ; 
10-10-16 17:00; 1; 16; 32; 0,00; 0,5; ; 0,3
10-10-16 17:30; ; ; ; ; 0,0; ; 
10-10-16 18:00; 2; 27; 12; 0,00; 0,5; ; 0,4
10-10-16 18:30; ; ; ; ; 0,0; ; 
10-10-16 19:00; 10; 31; 2; 0,00; 0,5; ; 0,4
10-10-16 19:30; ; ; ; ; 0,0; ; 
10-10-16 20:00; 5; 23; 5; 0,00; 1,3; ; 0,6
10-10-16 20:30; ; ; ; ; 0,0; ; 
10-10-16 21:00; 3; 21; 3; 0,00; 0,5; ; 0,6
10-10-16 21:30; ; ; ; ; 0,0; ; 
10-10-16 22:00; 3; 19; 4; 0,00; 0,5; ; 0,4
10-10-16 22:30; ; ; ; ; 0,0; ; 
10-10-16 23:00; 1; 18; 4; 0,00; 0,5; ; 0,4
10-10-16 23:30; ; ; ; ; 0,0; ; 
11-10-16 00:00; 1; 17; 5; 0,00; 0,5; ; 0,3
11-10-16 00:30; ; ; ; ; 0,0; ; 
11-10-16 01:00; 2; 14; 2; 0,00; 0,5; ; 0,2
11-10-16 01:30; ; ; ; ; 0,0; ; 
11-10-16 02:00; 4; 11; 2; 0,00; 0,5; ; 0,3
11-10-16 02:30; ; ; ; ; 0,0; ; 
11-10-16 03:00; 1; 8; 2; 0,00; 0,5; ; 0,3
11-10-16 03:30; ; ; ; ; 0,0; ; 
11-10-16 04:00; 3; 8; 2; 0,00; 1,6; ; 0,3
11-10-16 04:30; ; ; ; ; 0,0; ; 
11-10-16 05:00; 5; 8; 2; 0,00; 0,5; ; 0,3
11-10-16 05:30; ; ; ; ; 0,0; ; 
11-10-16 06:00; 11; 8; 2; 0,00; 0,5; ; 0,4
11-10-16 06:30; ; ; ; ; 0,0; ; 
11-10-16 07:00; 19; 15; 1; 0,00; 0,5; ; 0,4
11-10-16 07:30; ; ; ; ; 0,0; ; 
11-10-16 08:00; 4; 14; 13; 0,00; 0,5; ; 0,5
11-10-16 08:30; ; ; ; ; 0,0; ; 
11-10-16 09:00; 2; 14; 20; 0,00; 0,5; ; 0,4
11-10-16 09:30; ; ; ; ; 0,0; ; 
11-10-16 10:00; 2; 14; 21; 0,00; 0,5; ; 0,4
11-10-16 10:30; ; ; ; ; 0,0; ; 
11-10-16 11:00; 3; 13; 23; 0,00; 0,5; ; 0,3
11-10-16 11:30; ; ; ; ; 0,0; ; 
11-10-16 12:00; 2; 10; 30; 0,00; 0,5; ; 0,3
11-10-16 12:30; ; ; ; ; 0,0; ; 
11-10-16 13:00; 1; 8; 38; 0,00; 0,5; ; 0,3
11-10-16 13:30; ; ; ; ; 0,0; ; 
11-10-16 14:00; 1; 10; 37; 0,00; 0,5; ; 0,3
11-10-16 14:30; ; ; ; ; 0,0; ; 
11-10-16 15:00; 1; 10; 37; 0,00; 0,5; ; 0,3
11-10-16 15:30; ; ; ; ; 0,0; ; 
11-10-16 16:00; 3; 17; 27; 0,00; 0,5; ; 0,4
11-10-16 16:30; ; ; ; ; 0,0; ; 
11-10-16 17:00; 1; 17; 25; 0,00; 0,5; ; 0,4
11-10-16 17:30; ; ; ; ; 0,0; ; 
11-10-16 18:00; 1; 11; 31; 0,00; 0,5; ; 0,5
11-10-16 18:30; ; ; ; ; 0,0; ; 
11-10-16 19:00; 1; 16; 22; 0,00; 0,5; ; 0,5
11-10-16 19:30; ; ; ; ; 0,0; ; 
11-10-16 20:00; 1; 9; 25; 0,00; 0,5; ; 0,7
11-10-16 20:30; ; ; ; ; 0,0; ; 
11-10-16 21:00; 5; 13; 7; 0,00; 0,5; ; 0,6
11-10-16 21:30; ; ; ; ; 0,0; ; 
11-10-16 22:00; 9; 14; 5; 0,00; 0,5; ; 0,5
11-10-16 22:30; ; ; ; ; 0,0; ; 
11-10-16 23:00; 3; 11; 7; 0,00; 0,5; ; 
11-10-16 23:30; ; ; ; ; 0,0; ; 
12-10-16 00:00; 3; 11; 7; 0,00; 0,5; ; 
12-10-16 00:30; ; ; ; ; 0,0; ; 
12-10-16 01:00; 5; 12; 6; 0,00; 0,5; ; 
12-10-16 01:30; ; ; ; ; 0,0; ; 
12-10-16 02:00; 1; 9; 7; 0,00; 0,5; ; 
12-10-16 02:30; ; ; ; ; 0,0; ; 
12-10-16 03:00; 4; 10; 7; 0,00; 0,5; ; 
12-10-16 03:30; ; ; ; ; 0,0; ; 
12-10-16 04:00; 4; 11; 6; 0,00; 0,5; ; 0,9
12-10-16 04:30; ; ; ; ; 0,0; ; 
12-10-16 05:00; 1; 10; 6; 0,00; 0,5; ; 1,0
12-10-16 05:30; ; ; ; ; 0,0; ; 
12-10-16 06:00; 2; 11; 5; 0,00; 0,5; ; 0,9
12-10-16 06:30; ; ; ; ; 0,0; ; 
12-10-16 07:00; 5; 11; 4; 0,00; 0,5; ; 0,9
12-10-16 07:30; ; ; ; ; 0,0; ; 
12-10-16 08:00; 4; 9; 6; 0,00; 0,5; ; 0,9
12-10-16 08:30; ; ; ; ; 0,0; ; 
12-10-16 09:00; 6; 10; 6; 0,00; 1,5; ; 0,9
12-10-16 09:30; ; ; ; ; 0,0; ; 
12-10-16 10:00; 6; 9; 8; 0,00; 1,3; ; 1,0
12-10-16 10:30; ; ; ; ; 0,0; ; 
12-10-16 11:00; 6; 9; 8; 0,00; 0,5; ; 1,0
12-10-16 11:30; ; ; ; ; 0,0; ; 
12-10-16 12:00; 5; 9; 10; 0,00; 0,5; ; 1,0
12-10-16 12:30; ; ; ; ; 0,0; ; 
12-10-16 13:00; 3; 9; 12; 0,00; 0,5; ; 1,0
12-10-16 13:30; ; ; ; ; 0,0; ; 
12-10-16 14:00; 5; 11; 11; 0,00; 0,5; ; 0,9
12-10-16 14:30; ; ; ; ; 0,0; ; 
12-10-16 15:00; 6; 13; 10; 0,00; 1,0; ; 0,8
12-10-16 15:30; ; ; ; ; 0,0; ; 
12-10-16 16:00; 4; 12; 11; 0,00; 0,5; ; 0,8
12-10-16 16:30; ; ; ; ; 0,0; ; 
12-10-16 17:00; 4; 12; 10; 0,00; 0,5; ; 0,8
12-10-16 17:30; ; ; ; ; 0,0; ; 
12-10-16 18:00; 7; 16; 7; 0,00; 1,7; ; 0,8
12-10-16 18:30; ; ; ; ; 0,0; ; 
12-10-16 19:00; 2; 12; 10; 0,00; 0,5; ; 0,9
12-10-16 19:30; ; ; ; ; 0,0; ; 
12-10-16 20:00; 7; 15; 6; 0,00; 0,5; ; 0,9
12-10-16 20:30; ; ; ; ; 0,0; ; 
12-10-16 21:00; 1; 11; 9; 0,00; 0,5; ; 0,9
12-10-16 21:30; ; ; ; ; 0,0; ; 
12-10-16 22:00; 1; 11; 10; 0,00; 0,5; ; 0,9
12-10-16 22:30; ; ; ; ; 0,0; ; 
12-10-16 23:00; 2; 10; 12; 0,00; 0,5; ; 0,9
12-10-16 23:30; ; ; ; ; 0,0; ; 
13-10-16 00:00; 2; 10; 15; 0,00; 0,5; ; 0,9
13-10-16 00:30; ; ; ; ; 0,0; ; 
13-10-16 01:00; 3; 11; 15; 0,00; 0,5; ; 1,0
13-10-16 01:30; ; ; ; ; 0,0; ; 
13-10-16 02:00; 1; 8; 18; 0,00; 0,5; ; 1,0
13-10-16 02:30; ; ; ; ; 0,0; ; 
13-10-16 03:00; 4; 12; 14; 0,00; 0,5; ; 1,0
13-10-16 03:30; ; ; ; ; 0,0; ; 
13-10-16 04:00; 5; 13; 14; 0,00; 0,5; ; 1,0
13-10-16 04:30; ; ; ; ; 0,0; ; 
13-10-16 05:00; 3; 11; 16; 0,00; 0,5; ; 1,0
13-10-16 05:30; ; ; ; ; 0,0; ; 
13-10-16 06:00; 5; 13; 15; 0,00; 0,5; ; 1,0
13-10-16 06:30; ; ; ; ; 0,0; ; 
13-10-16 07:00; 8; 19; 10; 0,00; 0,5; ; 0,9
13-10-16 07:30; ; ; ; ; 0,0; ; 
13-10-16 08:00; 5; 17; 13; 0,00; 0,5; ; 0,9
13-10-16 08:30; ; ; ; ; 0,0; ; 
13-10-16 09:00; 1; 9; 21; 0,00; 0,5; ; 0,9
13-10-16 09:30; ; ; ; ; 0,0; ; 
13-10-16 10:00; 1; 7; 27; 0,00; 0,5; ; 0,8
13-10-16 10:30; ; ; ; ; 0,0; ; 
13-10-16 11:00; 2; 6; 30; 0,00; 0,5; ; 0,8
13-10-16 11:30; ; ; ; ; 0,0; ; 
13-10-16 12:00; 2; 7; 31; 0,00; 0,5; ; 0,8
13-10-16 12:30; ; ; ; ; 0,0; ; 
13-10-16 13:00; 3; 8; 28; 0,00; 0,5; ; 0,8
13-10-16 13:30; ; ; ; ; 0,0; ; 
13-10-16 14:00; 2; 9; 25; 0,00; 0,5; ; 0,8
13-10-16 14:30; ; ; ; ; 0,0; ; 
13-10-16 15:00; 1; 8; 26; 0,00; 0,5; ; 0,7
13-10-16 15:30; ; ; ; ; 0,0; ; 
13-10-16 16:00; 1; 8; 27; 0,00; 0,5; ; 0,8
13-10-16 16:30; ; ; ; ; 0,0; ; 
13-10-16 17:00; 1; 8; 29; 0,00; 0,5; ; 0,7
13-10-16 17:30; ; ; ; ; 0,0; ; 
13-10-16 18:00; 1; 9; 26; 0,00; 0,5; ; 0,7
13-10-16 18:30; ; ; ; ; 0,0; ; 
13-10-16 19:00; 1; 9; 25; 0,00; 1,1; ; 0,8
13-10-16 19:30; ; ; ; ; 0,0; ; 
13-10-16 20:00; 1; 9; 25; 0,00; 1,2; ; 0,8
13-10-16 20:30; ; ; ; ; 0,0; ; 
13-10-16 21:00; 1; 8; 24; 0,00; 0,5; ; 0,8
13-10-16 21:30; ; ; ; ; 0,0; ; 
13-10-16 22:00; 1; 7; 24; 0,00; 0,5; ; 0,8
13-10-16 22:30; ; ; ; ; 0,0; ; 
13-10-16 23:00; 1; 7; 23; 0,00; 0,5; ; 0,8
13-10-16 23:30; ; ; ; ; 0,0; ; 
14-10-16 00:00; 1; 7; 23; 0,00; 0,5; ; 0,9
14-10-16 00:30; ; ; ; ; 0,0; ; 
14-10-16 01:00; 1; 7; 21; 0,00; 0,5; ; 0,9
14-10-16 01:30; ; ; ; ; 0,0; ; 
14-10-16 02:00; 1; 7; 18; 0,00; 0,5; ; 1,0
14-10-16 02:30; ; ; ; ; 0,0; ; 
14-10-16 03:00; 1; 7; 19; 0,00; 0,5; ; 1,0
14-10-16 03:30; ; ; ; ; 0,0; ; 
14-10-16 04:00; 1; 11; 12; 0,00; 0,5; ; 1,0
14-10-16 04:30; ; ; ; ; 0,0; ; 
14-10-16 05:00; 2; 14; 4; 0,00; 0,5; ; 1,0
14-10-16 05:30; ; ; ; ; 0,0; ; 
14-10-16 06:00; 4; 15; 8; 0,00; 0,5; ; 1,1
14-10-16 06:30; ; ; ; ; 0,0; ; 
14-10-16 07:00; 4; 16; 10; 0,00; 0,5; ; 1,1
14-10-16 07:30; ; ; ; ; 0,0; ; 
14-10-16 08:00; 4; 13; 13; 0,00; 0,5; ; 1,1
14-10-16 08:30; ; ; ; ; 0,0; ; 
14-10-16 09:00; 2; 10; 37; 0,00; 1,2; ; 1,1
14-10-16 09:30; ; ; ; ; 0,0; ; 
14-10-16 10:00; 2; 9; 43; 0,00; 1,7; ; 1,1
14-10-16 10:30; ; ; ; ; 0,0; ; 
14-10-16 11:00; 2; 9; 44; 0,00; 2,0; ; 1,1
14-10-16 11:30; ; ; ; ; 0,0; ; 
14-10-16 12:00; 4; 11; 45; 0,00; 3,3; ; 1,1
14-10-16 12:30; ; ; ; ; 0,0; ; 
14-10-16 13:00; 4; 10; 49; 0,00; 4,4; ; 1,1
14-10-16 13:30; ; ; ; ; 0,0; ; 
14-10-16 14:00; 2; 8; 53; 0,00; 4,6; ; 1,1
14-10-16 14:30; ; ; ; ; 0,0; ; 
14-10-16 15:00; 2; 9; 53; 0,00; 4,4; ; 1,1
14-10-16 15:30; ; ; ; ; 0,0; ; 
14-10-16 16:00; 2; 10; 50; 0,00; 3,9; ; 1,0
14-10-16 16:30; ; ; ; ; 0,0; ; 
14-10-16 17:00; 2; 11; 50; 0,00; 4,1; ; 1,0
14-10-16 17:30; ; ; ; ; 0,0; ; 
14-10-16 18:00; 1; 11; 49; 0,00; 4,6; ; 1,0
14-10-16 18:30; ; ; ; ; 0,0; ; 
14-10-16 19:00; 1; 10; 51; 0,00; 4,2; ; 1,0
14-10-16 19:30; ; ; ; ; 0,0; ; 
14-10-16 20:00; 1; 8; 53; 0,00; 3,3; ; 1,0
14-10-16 20:30; ; ; ; ; 0,0; ; 
14-10-16 21:00; 1; 7; 53; 0,00; 2,7; ; 1,0
14-10-16 21:30; ; ; ; ; 0,0; ; 
14-10-16 22:00; 1; 7; 53; 0,00; 2,6; ; 1,0
14-10-16 22:30; ; ; ; ; 0,0; ; 
14-10-16 23:00; 1; 6; 53; 0,00; 2,2; ; 1,0
14-10-16 23:30; ; ; ; ; 0,0; ; 
15-10-16 00:00; 1; 6; 53; 0,00; 1,8; ; 1,0
15-10-16 00:30; ; ; ; ; 0,0; ; 
15-10-16 01:00; 1; 5; 53; 0,00; 1,7; ; 1,0
15-10-16 01:30; ; ; ; ; 0,0; ; 
15-10-16 02:00; 1; 5; 52; 0,00; 1,4; ; 0,9
15-10-16 02:30; ; ; ; ; 0,0; ; 
15-10-16 03:00; 1; 5; 51; 0,00; 2,1; ; 1,0
15-10-16 03:30; ; ; ; ; 0,0; ; 
15-10-16 04:00; 1; 5; 50; 0,00; 1,7; ; 1,0
15-10-16 04:30; ; ; ; ; 0,0; ; 
15-10-16 05:00; 1; 6; 46; 0,00; 1,8; ; 1,0
15-10-16 05:30; ; ; ; ; 0,0; ; 
15-10-16 06:00; 1; 6; 42; 0,00; 1,6; ; 1,0
15-10-16 06:30; ; ; ; ; 0,0; ; 
15-10-16 07:00; 1; 6; 46; 0,00; 2,0; ; 1,0
15-10-16 07:30; ; ; ; ; 0,0; ; 
15-10-16 08:00; 1; 6; 47; 0,00; 3,2; ; 1,0
15-10-16 08:30; ; ; ; ; 0,0; ; 
15-10-16 09:00; 2; 8; 47; 0,00; 4,0; ; 1,5
15-10-16 09:30; ; ; ; ; 0,0; ; 
15-10-16 10:00; 2; 6; 51; 0,00; 4,8; ; 1,3
15-10-16 10:30; ; ; ; ; 0,0; ; 
15-10-16 11:00; 1; 6; 50; 0,00; 4,7; ; 1,2
15-10-16 11:30; ; ; ; ; 0,0; ; 
15-10-16 12:00; 1; 9; 45; 0,00; 4,4; ; 1,5
15-10-16 12:30; ; ; ; ; 0,0; ; 
15-10-16 13:00; 2; 8; 44; 0,00; 2,9; ; 0,9
15-10-16 13:30; ; ; ; ; 0,0; ; 
15-10-16 14:00; 3; 9; 42; 0,00; 2,5; ; 0,7
15-10-16 14:30; ; ; ; ; 0,0; ; 
15-10-16 15:00; 3; 7; 43; 0,00; 2,5; ; 0,7
15-10-16 15:30; ; ; ; ; 0,0; ; 
15-10-16 16:00; 3; 9; 42; 0,00; 2,4; ; 0,7
15-10-16 16:30; ; ; ; ; 0,0; ; 
15-10-16 17:00; 2; 13; 35; 0,00; 1,7; ; 0,6
15-10-16 17:30; ; ; ; ; 0,0; ; 
15-10-16 18:00; 1; 15; 30; 0,00; 1,9; ; 0,7
15-10-16 18:30; ; ; ; ; 0,0; ; 
15-10-16 19:00; 1; 13; 30; 0,00; 2,3; ; 
15-10-16 19:30; ; ; ; ; 0,0; ; 
15-10-16 20:00; 1; 13; 29; 0,00; 2,0; ; 
15-10-16 20:30; ; ; ; ; 0,0; ; 
15-10-16 21:00; 1; 10; 32; 0,00; 2,1; ; 
15-10-16 21:30; ; ; ; ; 0,0; ; 
15-10-16 22:00; 1; 9; 31; 0,00; 2,6; ; 
15-10-16 22:30; ; ; ; ; 0,0; ; 
15-10-16 23:00; 1; 12; 23; 0,00; 2,3; ; 
15-10-16 23:30; ; ; ; ; 0,0; ; 
16-10-16 00:00; 1; 12; 14; 0,00; 1,5; ; 0,7
16-10-16 00:30; ; ; ; ; 0,0; ; 
16-10-16 01:00; 1; 13; 9; 0,00; 1,2; ; 0,7
16-10-16 01:30; ; ; ; ; 0,0; ; 
16-10-16 02:00; 1; 14; 4; 0,00; 1,0; ; 0,7
16-10-16 02:30; ; ; ; ; 0,0; ; 
16-10-16 03:00; 2; 15; 3; 0,00; 0,5; ; 0,6
16-10-16 03:30; ; ; ; ; 0,0; ; 
16-10-16 04:00; 2; 15; 3; 0,00; 0,5; ; 0,6
16-10-16 04:30; ; ; ; ; 0,0; ; 
16-10-16 05:00; 3; 14; 1; 0,00; 0,5; ; 0,5
16-10-16 05:30; ; ; ; ; 0,0; ; 
16-10-16 06:00; 4; 11; 1; 0,00; 0,5; ; 0,5
16-10-16 06:30; ; ; ; ; 0,0; ; 
16-10-16 07:00; 6; 10; 1; 0,00; 0,5; ; 0,5
16-10-16 07:30; ; ; ; ; 0,0; ; 
16-10-16 08:00; 9; 9; 2; 0,00; 1,5; ; 0,5
16-10-16 08:30; ; ; ; ; 0,0; ; 
16-10-16 09:00; 15; 11; 3; 0,00; 2,9; ; 0,5
16-10-16 09:30; ; ; ; ; 0,0; ; 
16-10-16 10:00; 24; 17; 3; 0,00; 4,5; ; 0,6
16-10-16 10:30; ; ; ; ; 0,0; ; 
16-10-16 11:00; 18; 20; 5; 0,00; 3,8; ; 0,6
16-10-16 11:30; ; ; ; ; 0,0; ; 
16-10-16 12:00; 5; 11; 17; 0,00; 2,5; ; 0,5
16-10-16 12:30; ; ; ; ; 0,0; ; 
16-10-16 13:00; 4; 8; 22; 0,00; 2,0; ; 0,3
16-10-16 13:30; ; ; ; ; 0,0; ; 
16-10-16 14:00; 3; 10; 20; 0,00; 1,6; ; 0,4
16-10-16 14:30; ; ; ; ; 0,0; ; 
16-10-16 15:00; 3; 11; 19; 0,00; 1,4; ; 0,3
16-10-16 15:30; ; ; ; ; 0,0; ; 
16-10-16 16:00; 2; 12; 23; 0,00; 1,4; ; 0,4
16-10-16 16:30; ; ; ; ; 0,0; ; 
16-10-16 17:00; 2; 13; 20; 0,00; 1,1; ; 1,2
16-10-16 17:30; ; ; ; ; 0,0; ; 
16-10-16 18:00; 3; 17; 11; 0,00; 0,5; ; 1,4
16-10-16 18:30; ; ; ; ; 0,0; ; 
16-10-16 19:00; 2; 14; 8; 0,00; 1,1; ; 1,3
16-10-16 19:30; ; ; ; ; 0,0; ; 
16-10-16 20:00; 1; 13; 10; 0,00; 2,1; ; 1,0
16-10-16 20:30; ; ; ; ; 0,0; ; 
16-10-16 21:00; 1; 11; 12; 0,00; 1,7; ; 0,7
16-10-16 21:30; ; ; ; ; 0,0; ; 
16-10-16 22:00; 2; 14; 11; 0,00; 2,9; ; 0,8
16-10-16 22:30; ; ; ; ; 0,0; ; 
16-10-16 23:00; 2; 13; 9; 0,00; 2,2; ; 1,0
16-10-16 23:30; ; ; ; ; 0,0; ; 
17-10-16 00:00; 2; 12; 8; 0,00; 1,5; ; 1,6
17-10-16 00:30; ; ; ; ; 0,0; ; 
17-10-16 01:00; 1; 13; 9; 0,00; 1,0; ; 1,5
17-10-16 01:30; ; ; ; ; 0,0; ; 
17-10-16 02:00; 3; 19; 3; 0,00; 1,1; ; 1,0
17-10-16 02:30; ; ; ; ; 0,0; ; 
17-10-16 03:00; 2; 12; 8; 0,00; 0,5; ; 1,1
17-10-16 03:30; ; ; ; ; 0,0; ; 
17-10-16 04:00; 2; 14; 3; 0,00; 0,5; ; 1,1
17-10-16 04:30; ; ; ; ; 0,0; ; 
17-10-16 05:00; 1; 12; 6; 0,00; 0,5; ; 1,8
17-10-16 05:30; ; ; ; ; 0,0; ; 
17-10-16 06:00; 5; 14; 2; 0,00; 0,5; ; 1,7
17-10-16 06:30; ; ; ; ; 0,0; ; 
17-10-16 07:00; 12; 16; 3; 0,00; 0,5; ; 2,4
17-10-16 07:30; ; ; ; ; 0,0; ; 
17-10-16 08:00; 8; 18; 6; 0,00; 1,0; ; 2,6
17-10-16 08:30; ; ; ; ; 0,0; ; 
17-10-16 09:00; 14; 22; 6; 0,00; 1,8; ; 2,7
17-10-16 09:30; ; ; ; ; 0,0; ; 
17-10-16 10:00; 6; 12; 21; 0,00; 1,3; ; 1,4
17-10-16 10:30; ; ; ; ; 0,0; ; 
17-10-16 11:00; 5; 9; 25; 0,00; 1,1; ; 1,3
17-10-16 11:30; ; ; ; ; 0,0; ; 
17-10-16 12:00; 3; 9; 24; 0,00; 0,5; ; 1,9
17-10-16 12:30; ; ; ; ; 0,0; ; 
17-10-16 13:00; 4; 11; 23; 0,00; 0,5; ; 2,1
17-10-16 13:30; ; ; ; ; 0,0; ; 
17-10-16 14:00; 5; 12; 28; 0,00; 0,5; ; 1,5
17-10-16 14:30; ; ; ; ; 0,0; ; 
17-10-16 15:00; 4; 12; 29; 0,00; 0,5; ; 1,3
17-10-16 15:30; ; ; ; ; 0,0; ; 
17-10-16 16:00; 3; 13; 32; 0,00; 0,5; ; 1,9
17-10-16 16:30; ; ; ; ; 0,0; ; 
17-10-16 17:00; 2; 14; 30; 0,00; 0,5; ; 11,3
17-10-16 17:30; ; ; ; ; 0,0; ; 
17-10-16 18:00; 1; 12; 30; 0,00; 0,5; ; 8,0
17-10-16 18:30; ; ; ; ; 0,0; ; 
17-10-16 19:00; 1; 12; 30; 0,00; 0,5; ; 5,3
17-10-16 19:30; ; ; ; ; 0,0; ; 
17-10-16 20:00; 1; 11; 29; 0,00; 1,1; ; 2,9
17-10-16 20:30; ; ; ; ; 0,0; ; 
17-10-16 21:00; 1; 12; 25; 0,00; 1,6; ; 3,2
17-10-16 21:30; ; ; ; ; 0,0; ; 
17-10-16 22:00; 1; 13; 16; 0,00; 0,5; ; 3,0
17-10-16 22:30; ; ; ; ; 0,0; ; 
17-10-16 23:00; 1; 15; 6; 0,00; 0,5; ; 2,5
17-10-16 23:30; ; ; ; ; 0,0; ; 
18-10-16 00:00; 1; 11; 20; 0,00; 1,5; ; 1,2
18-10-16 00:30; ; ; ; ; 0,0; ; 
18-10-16 01:00; 1; 10; 19; 0,00; 1,6; ; 1,0
18-10-16 01:30; ; ; ; ; 0,0; ; 
18-10-16 02:00; 1; 9; 17; 0,00; 0,5; ; 1,2
18-10-16 02:30; ; ; ; ; 0,0; ; 
18-10-16 03:00; 1; 9; 17; 0,00; 0,5; ; 1,2
18-10-16 03:30; ; ; ; ; 0,0; ; 
18-10-16 04:00; 1; 9; 16; 0,00; 0,5; ; 1,1
18-10-16 04:30; ; ; ; ; 0,0; ; 
18-10-16 05:00; 1; 10; 19; 0,00; 0,5; ; 1,1
18-10-16 05:30; ; ; ; ; 0,0; ; 
18-10-16 06:00; 3; 12; 21; 0,00; 1,4; ; 0,9
18-10-16 06:30; ; ; ; ; 0,0; ; 
18-10-16 07:00; 3; 15; 17; 0,00; 2,5; ; 0,8
18-10-16 07:30; ; ; ; ; 0,0; ; 
18-10-16 08:00; 5; 13; 15; 0,00; 1,3; ; 0,7
18-10-16 08:30; ; ; ; ; 0,0; ; 
18-10-16 09:00; 6; 12; 17; 0,00; 1,8; ; 0,8
18-10-16 09:30; ; ; ; ; 0,0; ; 
18-10-16 10:00; 5; 14; 20; 0,00; 3,3; ; 0,7
18-10-16 10:30; ; ; ; ; 0,0; ; 
18-10-16 11:00; 3; 14; 23; 0,00; 5,9; ; 0,7
18-10-16 11:30; ; ; ; ; 0,0; ; 
18-10-16 12:00; 4; 15; 21; 0,00; 4,8; ; 0,7
18-10-16 12:30; ; ; ; ; 0,0; ; 
18-10-16 13:00; 4; 17; 20; 0,00; 5,7; ; 0,8
18-10-16 13:30; ; ; ; ; 0,0; ; 
18-10-16 14:00; 5; 16; 22; 0,00; 5,7; ; 0,8
18-10-16 14:30; ; ; ; ; 0,0; ; 
18-10-16 15:00; 5; 14; 22; 0,00; 3,6; ; 0,6
18-10-16 15:30; ; ; ; ; 0,0; ; 
18-10-16 16:00; 4; 17; 18; 0,00; 3,8; ; 0,5
18-10-16 16:30; ; ; ; ; 0,0; ; 
18-10-16 17:00; 4; 22; 12; 0,00; 3,7; ; 0,5
18-10-16 17:30; ; ; ; ; 0,0; ; 
18-10-16 18:00; 2; 23; 12; 0,00; 2,4; ; 0,7
18-10-16 18:30; ; ; ; ; 0,0; ; 
18-10-16 19:00; 1; 17; 20; 0,00; 1,9; ; 1,2
18-10-16 19:30; ; ; ; ; 0,0; ; 
18-10-16 20:00; 1; 12; 24; 0,00; 1,2; ; 1,2
18-10-16 20:30; ; ; ; ; 0,0; ; 
18-10-16 21:00; 1; 13; 18; 0,00; 1,1; ; 1,2
18-10-16 21:30; ; ; ; ; 0,0; ; 
18-10-16 22:00; 1; 12; 14; 0,00; 0,5; ; 1,0
18-10-16 22:30; ; ; ; ; 0,0; ; 
18-10-16 23:00; 1; 15; 9; 0,00; 1,2; ; 0,6
18-10-16 23:30; ; ; ; ; 0,0; ; 
19-10-16 00:00; 4; 17; 7; 0,00; 1,7; ; 0,5
19-10-16 00:30; ; ; ; ; 0,0; ; 
19-10-16 01:00; 3; 14; 8; 0,00; 1,2; ; 0,3
19-10-16 01:30; ; ; ; ; 0,0; ; 
19-10-16 02:00; 1; 11; 9; 0,00; 0,5; ; 0,5
19-10-16 02:30; ; ; ; ; 0,0; ; 
19-10-16 03:00; 1; 11; 8; 0,00; 0,5; ; 0,7
19-10-16 03:30; ; ; ; ; 0,0; ; 
19-10-16 04:00; 1; 11; 7; 0,00; 0,5; ; 0,7
19-10-16 04:30; ; ; ; ; 0,0; ; 
19-10-16 05:00; 1; 11; 12; 0,00; 1,4; ; 0,5
19-10-16 05:30; ; ; ; ; 0,0; ; 
19-10-16 06:00; 2; 13; 12; 0,00; 1,7; ; 0,3
19-10-16 06:30; ; ; ; ; 0,0; ; 
19-10-16 07:00; 5; 14; 13; 0,00; 1,9; ; 0,4
19-10-16 07:30; ; ; ; ; 0,0; ; 
19-10-16 08:00; 2; 11; 16; 0,00; 1,2; ; 0,5
19-10-16 08:30; ; ; ; ; 0,0; ; 
19-10-16 09:00; 3; 10; 18; 0,00; 1,1; ; 0,3
19-10-16 09:30; ; ; ; ; 0,0; ; 
19-10-16 10:00; 6; 15; 16; 0,00; 1,0; ; 
19-10-16 10:30; ; ; ; ; 0,0; ; 
19-10-16 11:00; 5; 20; 33; 0,00; 1,2; ; 
19-10-16 11:30; ; ; ; ; 0,0; ; 
19-10-16 12:00; 1; 11; 57; 0,00; 0,5; ; 
19-10-16 12:30; ; ; ; ; 0,0; ; 
19-10-16 13:00; 5; 11; 61; 0,00; 0,5; ; 
19-10-16 13:30; ; ; ; ; 0,0; ; 
19-10-16 14:00; 2; 9; 65; 0,00; 0,5; ; 
19-10-16 14:30; ; ; ; ; 0,0; ; 
19-10-16 15:00; 4; 15; 52; 0,00; 1,4; ; 
19-10-16 15:30; ; ; ; ; 0,0; ; 
19-10-16 16:00; 2; 12; 50; 0,00; 2,2; ; 
19-10-16 16:30; ; ; ; ; 0,0; ; 
19-10-16 17:00; 2; 26; 34; 0,00; 3,1; ; 
19-10-16 17:30; ; ; ; ; 0,0; ; 
19-10-16 18:00; 3; 24; 28; 0,00; 1,1; ; 
19-10-16 18:30; ; ; ; ; 0,0; ; 
19-10-16 19:00; 1; 18; 25; 0,00; 1,3; ; 
19-10-16 19:30; ; ; ; ; 0,0; ; 
19-10-16 20:00; 4; 27; 22; 0,00; 4,8; ; 
19-10-16 20:30; ; ; ; ; 0,0; ; 
19-10-16 21:00; 1; 12; 36; 0,00; 4,4; ; 
19-10-16 21:30; ; ; ; ; 0,0; ; 
19-10-16 22:00; 1; 11; 34; 0,00; 3,7; ; 
19-10-16 22:30; ; ; ; ; 0,0; ; 
19-10-16 23:00; 1; 12; 24; 0,00; 2,0; ; 
19-10-16 23:30; ; ; ; ; 0,0; ; 
20-10-16 00:00; 1; 9; 31; 0,00; 2,0; ; 
20-10-16 00:30; ; ; ; ; 0,0; ; 
20-10-16 01:00; 1; 9; 34; 0,00; 1,9; ; 
20-10-16 01:30; ; ; ; ; 0,0; ; 
20-10-16 02:00; 1; 15; 23; 0,00; 1,6; ; 
20-10-16 02:30; ; ; ; ; 0,0; ; 
20-10-16 03:00; 1; 10; 30; 0,00; 1,3; ; 
20-10-16 03:30; ; ; ; ; 0,0; ; 
20-10-16 04:00; 1; 11; 29; 0,00; 0,5; ; 
20-10-16 04:30; ; ; ; ; 0,0; ; 
20-10-16 05:00; 1; 8; 39; 0,00; 1,3; ; 
20-10-16 05:30; ; ; ; ; 0,0; ; 
20-10-16 06:00; 1; 9; 37; 0,00; 2,0; ; 
20-10-16 06:30; ; ; ; ; 0,0; ; 
20-10-16 07:00; 5; 18; 24; 0,00; 3,5; ; 
20-10-16 07:30; ; ; ; ; 0,0; ; 
20-10-16 08:00; 11; 26; 13; 0,00; 3,1; ; 
20-10-16 08:30; ; ; ; ; 0,0; ; 
20-10-16 09:00; 14; 28; 12; 0,00; 2,8; ; 
20-10-16 09:30; ; ; ; ; 0,0; ; 
20-10-16 10:00; 2; 9; 34; 0,00; 1,3; ; 
20-10-16 10:30; ; ; ; ; 0,0; ; 
20-10-16 11:00; 3; 9; 35; 0,00; 1,1; ; 
20-10-16 11:30; ; ; ; ; 0,0; ; 
20-10-16 12:00; 4; 9; 35; 0,00; 0,5; ; 
20-10-16 12:30; ; ; ; ; 0,0; ; 
20-10-16 13:00; 5; 9; 38; 0,00; 1,3; ; 
20-10-16 13:30; ; ; ; ; 0,0; ; 
20-10-16 14:00; 5; 11; 38; 0,00; 1,3; ; 
20-10-16 14:30; ; ; ; ; 0,0; ; 
20-10-16 15:00; 2; 17; 40; 0,00; 1,3; ; 
20-10-16 15:30; ; ; ; ; 0,0; ; 
20-10-16 16:00; 6; 32; 22; 0,00; 1,3; ; 0,2
20-10-16 16:30; ; ; ; ; 0,0; ; 
20-10-16 17:00; 3; 22; 25; 0,00; 1,8; ; 0,5
20-10-16 17:30; ; ; ; ; 0,0; ; 
20-10-16 18:00; 21; 33; 3; 0,00; 1,1; ; 0,4
20-10-16 18:30; ; ; ; ; 0,0; ; 
20-10-16 19:00; 15; 25; 4; 0,00; 1,8; ; 0,6
20-10-16 19:30; ; ; ; ; 0,0; ; 
20-10-16 20:00; 7; 19; 11; 0,00; 2,0; ; 0,2
20-10-16 20:30; ; ; ; ; 0,0; ; 
20-10-16 21:00; 1; 13; 24; 0,00; 1,8; ; 0,3
20-10-16 21:30; ; ; ; ; 0,0; ; 
20-10-16 22:00; 3; 14; 17; 0,00; 1,2; ; 0,3
20-10-16 22:30; ; ; ; ; 0,0; ; 
20-10-16 23:00; 11; 23; 3; 0,00; 0,5; ; 0,4
20-10-16 23:30; ; ; ; ; 0,0; ; 
21-10-16 00:00; 1; 8; 30; 0,00; 1,2; ; 0,3
21-10-16 00:30; ; ; ; ; 0,0; ; 
21-10-16 01:00; 1; 8; 29; 0,00; 1,2; ; 0,3
21-10-16 01:30; ; ; ; ; 0,0; ; 
21-10-16 02:00; 1; 8; 28; 0,00; 1,3; ; 0,6
21-10-16 02:30; ; ; ; ; 0,0; ; 
21-10-16 03:00; 1; 7; 29; 0,00; 0,5; ; 0,3
21-10-16 03:30; ; ; ; ; 0,0; ; 
21-10-16 04:00; 1; 7; 28; 0,00; 1,7; ; 0,4
21-10-16 04:30; ; ; ; ; 0,0; ; 
21-10-16 05:00; 1; 8; 27; 0,00; 2,3; ; 0,4
21-10-16 05:30; ; ; ; ; 0,0; ; 
21-10-16 06:00; 3; 13; 21; 0,00; 1,8; ; 0,4
21-10-16 06:30; ; ; ; ; 0,0; ; 
21-10-16 07:00; 3; 12; 23; 0,00; 2,6; ; 0,3
21-10-16 07:30; ; ; ; ; 0,0; ; 
21-10-16 08:00; 3; 12; 25; 0,00; 3,0; ; 0,3
21-10-16 08:30; ; ; ; ; 0,0; ; 
21-10-16 09:00; 6; 15; 24; 0,00; 1,3; ; 0,6
21-10-16 09:30; ; ; ; ; 0,0; ; 
21-10-16 10:00; 5; 11; 29; 0,00; 0,5; ; 0,4
21-10-16 10:30; ; ; ; ; 0,0; ; 
21-10-16 11:00; 5; 11; 28; 0,00; 0,5; ; 0,4
21-10-16 11:30; ; ; ; ; 0,0; ; 
21-10-16 12:00; 4; 10; 27; 0,00; 1,0; ; 0,3
21-10-16 12:30; ; ; ; ; 0,0; ; 
21-10-16 13:00; 6; 12; 27; 0,00; 0,5; ; 0,3
21-10-16 13:30; ; ; ; ; 0,0; ; 
21-10-16 14:00; 5; 14; 26; 0,00; 1,4; ; 0,4
21-10-16 14:30; ; ; ; ; 0,0; ; 
21-10-16 15:00; 2; 18; 24; 0,00; 1,2; ; 0,4
21-10-16 15:30; ; ; ; ; 0,0; ; 
21-10-16 16:00; 3; 24; 17; 0,00; 1,8; ; 0,4
21-10-16 16:30; ; ; ; ; 0,0; ; 
21-10-16 17:00; 6; 28; 11; 0,00; 1,5; ; 0,4
21-10-16 17:30; ; ; ; ; 0,0; ; 
21-10-16 18:00; 10; 30; 3; 0,00; 1,4; ; 0,4
21-10-16 18:30; ; ; ; ; 0,0; ; 
21-10-16 19:00; 3; 22; 6; 0,00; 1,4; ; 0,5
21-10-16 19:30; ; ; ; ; 0,0; ; 
21-10-16 20:00; 1; 19; 12; 0,00; 0,5; ; 0,6
21-10-16 20:30; ; ; ; ; 0,0; ; 
21-10-16 21:00; 2; 15; 12; 0,00; 0,5; ; 0,4
21-10-16 21:30; ; ; ; ; 0,0; ; 
21-10-16 22:00; 1; 16; 7; 0,00; 0,5; ; 0,4
21-10-16 22:30; ; ; ; ; 0,0; ; 
21-10-16 23:00; 3; 17; 4; 0,00; 0,5; ; 0,5
21-10-16 23:30; ; ; ; ; 0,0; ; 
22-10-16 00:00; 4; 13; 2; 0,00; 0,5; ; 0,4
